t,rs_x,rs_y,rs_z,py_x,py_y,py_z
0.0050,0.172590,0.090514,1.236277,0.172590,0.090514,1.236277
0.0100,0.172150,0.091829,1.236377,0.172150,0.091829,1.236377
0.0150,0.171655,0.093158,1.236566,0.171655,0.093158,1.236566
0.0200,0.171099,0.094501,1.236875,0.171099,0.094501,1.236875
0.0250,0.170477,0.095861,1.237335,0.170477,0.095861,1.237335
0.0300,0.169784,0.097238,1.237970,0.169784,0.097238,1.237970
0.0350,0.169016,0.098632,1.238801,0.169016,0.098632,1.238801
0.0400,0.168168,0.100043,1.239842,0.168168,0.100043,1.239842
0.0450,0.167238,0.101468,1.241102,0.167238,0.101468,1.241102
0.0500,0.166223,0.102906,1.242585,0.166223,0.102906,1.242585
0.0550,0.165120,0.104354,1.244287,0.165120,0.104354,1.244287
0.0600,0.163929,0.105807,1.246199,0.163929,0.105807,1.246199
0.0650,0.162651,0.107260,1.248304,0.162651,0.107260,1.248304
0.0700,0.161288,0.108709,1.250577,0.161288,0.108709,1.250577
0.0750,0.159844,0.110148,1.252986,0.159844,0.110148,1.252986
0.0800,0.158327,0.111573,1.255489,0.158327,0.111573,1.255489
0.0850,0.156745,0.112980,1.258037,0.156745,0.112980,1.258037
0.0900,0.155107,0.114367,1.260586,0.155107,0.114367,1.260586
0.0950,0.153423,0.115730,1.263097,0.153423,0.115730,1.263097
0.1000,0.151699,0.117069,1.265542,0.151699,0.117069,1.265542
0.1050,0.149939,0.118381,1.267901,0.149939,0.118381,1.267901
0.1100,0.148147,0.119664,1.270161,0.148147,0.119664,1.270161
0.1150,0.146326,0.120915,1.272314,0.146326,0.120915,1.272314
0.1200,0.144479,0.122132,1.274352,0.144479,0.122132,1.274352
0.1250,0.142609,0.123313,1.276268,0.142609,0.123313,1.276268
0.1300,0.140720,0.124453,1.278058,0.140720,0.124453,1.278058
0.1350,0.138814,0.125551,1.279718,0.138814,0.125551,1.279718
0.1400,0.136895,0.126603,1.281245,0.136895,0.126603,1.281245
0.1450,0.134966,0.127606,1.282638,0.134966,0.127606,1.282637
0.1500,0.133032,0.128555,1.283896,0.133032,0.128555,1.283896
0.1550,0.131096,0.129441,1.285026,0.131096,0.129441,1.285026
0.1600,0.129163,0.130253,1.286042,0.129163,0.130253,1.286042
0.1650,0.127242,0.130971,1.286966,0.127242,0.130971,1.286966
0.1700,0.125344,0.131569,1.287827,0.125344,0.131569,1.287827
0.1750,0.123485,0.132015,1.288657,0.123485,0.132015,1.288657
0.1800,0.121689,0.132272,1.289492,0.121689,0.132272,1.289491
0.1850,0.119984,0.132300,1.290363,0.119984,0.132300,1.290363
0.1900,0.118404,0.132057,1.291299,0.118404,0.132057,1.291299
0.1950,0.116986,0.131504,1.292320,0.116986,0.131504,1.292320
0.2000,0.115770,0.130607,1.293440,0.115770,0.130607,1.293440
0.2050,0.114795,0.129333,1.294663,0.114795,0.129333,1.294663
0.2100,0.114101,0.127651,1.295990,0.114101,0.127651,1.295990
0.2150,0.113735,0.125525,1.297427,0.113735,0.125525,1.297427
0.2200,0.113759,0.122896,1.298988,0.113759,0.122896,1.298988
0.2250,0.114226,0.119723,1.300675,0.114226,0.119723,1.300675
0.2300,0.115119,0.116045,1.302432,0.115119,0.116045,1.302432
0.2350,0.116374,0.111951,1.304185,0.116374,0.111951,1.304185
0.2400,0.117931,0.107518,1.305874,0.117931,0.107518,1.305874
0.2450,0.119742,0.102802,1.307457,0.119742,0.102802,1.307457
0.2500,0.121771,0.097845,1.308905,0.121771,0.097845,1.308905
0.2550,0.123993,0.092672,1.310201,0.123993,0.092672,1.310201
0.2600,0.126388,0.087305,1.311333,0.126388,0.087305,1.311333
0.2650,0.128942,0.081757,1.312291,0.128942,0.081757,1.312291
0.2700,0.131640,0.076038,1.313072,0.131640,0.076038,1.313072
0.2750,0.134473,0.070159,1.313670,0.134474,0.070159,1.313670
0.2800,0.137430,0.064128,1.314084,0.137430,0.064128,1.314084
0.2850,0.140500,0.057953,1.314312,0.140500,0.057953,1.314312
0.2900,0.143674,0.051643,1.314356,0.143674,0.051643,1.314356
0.2950,0.146942,0.045206,1.314213,0.146942,0.045206,1.314213
0.3000,0.150297,0.038650,1.313886,0.150297,0.038650,1.313886
0.3050,0.153729,0.031985,1.313375,0.153729,0.031985,1.313375
0.3100,0.157232,0.025217,1.312682,0.157232,0.025217,1.312682
0.3150,0.160798,0.018356,1.311808,0.160798,0.018356,1.311808
0.3200,0.164422,0.011408,1.310755,0.164422,0.011408,1.310755
0.3250,0.168098,0.004381,1.309524,0.168098,0.004381,1.309524
0.3300,0.171822,-0.002718,1.308119,0.171822,-0.002718,1.308119
0.3350,0.175590,-0.009883,1.306542,0.175590,-0.009883,1.306542
0.3400,0.179398,-0.017108,1.304796,0.179398,-0.017107,1.304795
0.3450,0.183243,-0.024386,1.302882,0.183243,-0.024386,1.302882
0.3500,0.187123,-0.031711,1.300804,0.187123,-0.031711,1.300804
0.3550,0.191035,-0.039078,1.298564,0.191035,-0.039077,1.298564
0.3600,0.194976,-0.046478,1.296164,0.194976,-0.046478,1.296164
0.3650,0.198944,-0.053906,1.293606,0.198944,-0.053906,1.293606
0.3700,0.202937,-0.061355,1.290893,0.202937,-0.061355,1.290893
0.3750,0.206953,-0.068820,1.288028,0.206953,-0.068820,1.288028
0.3800,0.210992,-0.076296,1.285014,0.210992,-0.076296,1.285014
0.3850,0.215053,-0.083778,1.281856,0.215053,-0.083778,1.281856
0.3900,0.219134,-0.091260,1.278557,0.219134,-0.091260,1.278557
0.3950,0.223237,-0.098738,1.275122,0.223237,-0.098738,1.275122
0.4000,0.227361,-0.106209,1.271557,0.227361,-0.106209,1.271557
0.4050,0.231507,-0.113667,1.267870,0.231507,-0.113667,1.267870
0.4100,0.235677,-0.121110,1.264071,0.235677,-0.121110,1.264071
0.4150,0.239870,-0.128533,1.260169,0.239870,-0.128533,1.260169
0.4200,0.244088,-0.135930,1.256175,0.244088,-0.135930,1.256175
0.4250,0.248331,-0.143295,1.252099,0.248331,-0.143295,1.252099
0.4300,0.252598,-0.150623,1.247954,0.252598,-0.150623,1.247954
0.4350,0.256889,-0.157906,1.243753,0.256889,-0.157906,1.243753
0.4400,0.261201,-0.165136,1.239506,0.261201,-0.165136,1.239506
0.4450,0.265533,-0.172305,1.235226,0.265533,-0.172305,1.235226
0.4500,0.269881,-0.179404,1.230925,0.269881,-0.179404,1.230925
0.4550,0.274241,-0.186426,1.226612,0.274241,-0.186426,1.226611
0.4600,0.278608,-0.193361,1.222296,0.278608,-0.193361,1.222295
0.4650,0.282977,-0.200201,1.217988,0.282977,-0.200200,1.217987
0.4700,0.287344,-0.206936,1.213700,0.287344,-0.206935,1.213700
0.4750,0.291701,-0.213557,1.209444,0.291701,-0.213557,1.209444
0.4800,0.296044,-0.220055,1.205234,0.296044,-0.220055,1.205234
0.4850,0.300366,-0.226423,1.201078,0.300366,-0.226422,1.201078
0.4900,0.304661,-0.232651,1.196986,0.304661,-0.232651,1.196986
0.4950,0.308922,-0.238735,1.192966,0.308922,-0.238735,1.192966
0.5000,0.313144,-0.244668,1.189023,0.313144,-0.244668,1.189023
0.5050,0.317321,-0.250446,1.185161,0.317321,-0.250446,1.185160
0.5100,0.321448,-0.256066,1.181381,0.321448,-0.256066,1.181381
0.5150,0.325522,-0.261526,1.177684,0.325523,-0.261526,1.177684
0.5200,0.329540,-0.266826,1.174069,0.329540,-0.266826,1.174069
0.5250,0.333497,-0.271964,1.170533,0.333497,-0.271963,1.170533
0.5300,0.337394,-0.276940,1.167074,0.337394,-0.276940,1.167074
0.5350,0.341227,-0.281755,1.163689,0.341227,-0.281755,1.163689
0.5400,0.344996,-0.286409,1.160374,0.344996,-0.286409,1.160374
0.5450,0.348701,-0.290903,1.157126,0.348701,-0.290903,1.157126
0.5500,0.352342,-0.295237,1.153943,0.352342,-0.295237,1.153943
0.5550,0.355919,-0.299412,1.150820,0.355919,-0.299412,1.150820
0.5600,0.359432,-0.303429,1.147755,0.359433,-0.303429,1.147755
0.5650,0.362884,-0.307289,1.144745,0.362884,-0.307289,1.144745
0.5700,0.366275,-0.310991,1.141787,0.366275,-0.310991,1.141787
0.5750,0.369606,-0.314536,1.138878,0.369606,-0.314536,1.138878
0.5800,0.372878,-0.317925,1.136016,0.372878,-0.317925,1.136016
0.5850,0.376091,-0.321158,1.133200,0.376091,-0.321158,1.133200
0.5900,0.379248,-0.324235,1.130427,0.379248,-0.324234,1.130427
0.5950,0.382349,-0.327155,1.127695,0.382349,-0.327155,1.127695
0.6000,0.385394,-0.329920,1.125004,0.385394,-0.329920,1.125004
0.6050,0.388384,-0.332528,1.122352,0.388384,-0.332528,1.122351
0.6100,0.391319,-0.334981,1.119737,0.391319,-0.334981,1.119737
0.6150,0.394199,-0.337278,1.117159,0.394199,-0.337278,1.117159
0.6200,0.397024,-0.339420,1.114617,0.397024,-0.339420,1.114617
0.6250,0.399794,-0.341407,1.112109,0.399794,-0.341407,1.112109
0.6300,0.402509,-0.343241,1.109633,0.402509,-0.343241,1.109633
0.6350,0.405168,-0.344922,1.107189,0.405168,-0.344922,1.107189
0.6400,0.407771,-0.346451,1.104773,0.407771,-0.346451,1.104773
0.6450,0.410318,-0.347831,1.102386,0.410318,-0.347831,1.102386
0.6500,0.412808,-0.349062,1.100025,0.412808,-0.349062,1.100025
0.6550,0.415242,-0.350145,1.097689,0.415242,-0.350145,1.097688
0.6600,0.417618,-0.351084,1.095376,0.417618,-0.351084,1.095376
0.6650,0.419936,-0.351879,1.093085,0.419936,-0.351879,1.093085
0.6700,0.422198,-0.352533,1.090816,0.422198,-0.352533,1.090816
0.6750,0.424401,-0.353047,1.088567,0.424401,-0.353047,1.088567
0.6800,0.426547,-0.353423,1.086338,0.426547,-0.353423,1.086338
0.6850,0.428636,-0.353664,1.084128,0.428636,-0.353664,1.084128
0.6900,0.430667,-0.353770,1.081936,0.430667,-0.353770,1.081936
0.6950,0.432641,-0.353745,1.079763,0.432642,-0.353745,1.079763
0.7000,0.434559,-0.353591,1.077607,0.434559,-0.353591,1.077607
0.7050,0.436421,-0.353309,1.075468,0.436421,-0.353309,1.075468
0.7100,0.438227,-0.352901,1.073346,0.438227,-0.352901,1.073346
0.7150,0.439979,-0.352370,1.071241,0.439979,-0.352370,1.071241
0.7200,0.441676,-0.351718,1.069153,0.441676,-0.351718,1.069153
0.7250,0.443319,-0.350946,1.067081,0.443319,-0.350946,1.067081
0.7300,0.444911,-0.350058,1.065026,0.444911,-0.350058,1.065025
0.7350,0.446450,-0.349055,1.062986,0.446450,-0.349055,1.062986
0.7400,0.447938,-0.347939,1.060963,0.447938,-0.347939,1.060963
0.7450,0.449376,-0.346712,1.058956,0.449376,-0.346712,1.058956
0.7500,0.450765,-0.345377,1.056965,0.450765,-0.345377,1.056965
0.7550,0.452105,-0.343935,1.054990,0.452105,-0.343935,1.054990
0.7600,0.453397,-0.342389,1.053032,0.453397,-0.342389,1.053032
0.7650,0.454642,-0.340740,1.051090,0.454642,-0.340740,1.051089
0.7700,0.455842,-0.338990,1.049164,0.455842,-0.338990,1.049164
0.7750,0.456995,-0.337142,1.047255,0.456995,-0.337142,1.047255
0.7800,0.458105,-0.335198,1.045362,0.458105,-0.335198,1.045362
0.7850,0.459170,-0.333159,1.043487,0.459170,-0.333159,1.043487
0.7900,0.460191,-0.331028,1.041628,0.460191,-0.331028,1.041628
0.7950,0.461170,-0.328807,1.039786,0.461170,-0.328806,1.039786
0.8000,0.462107,-0.326497,1.037962,0.462107,-0.326497,1.037962
0.8050,0.463003,-0.324101,1.036155,0.463003,-0.324100,1.036155
0.8100,0.463858,-0.321620,1.034365,0.463858,-0.321620,1.034365
0.8150,0.464673,-0.319057,1.032594,0.464673,-0.319057,1.032593
0.8200,0.465448,-0.316414,1.030839,0.465448,-0.316414,1.030839
0.8250,0.466185,-0.313693,1.029103,0.466185,-0.313693,1.029103
0.8300,0.466883,-0.310895,1.027385,0.466883,-0.310895,1.027385
0.8350,0.467544,-0.308023,1.025685,0.467544,-0.308023,1.025685
0.8400,0.468167,-0.305079,1.024004,0.468167,-0.305079,1.024003
0.8450,0.468754,-0.302064,1.022341,0.468754,-0.302064,1.022340
0.8500,0.469306,-0.298981,1.020696,0.469306,-0.298981,1.020696
0.8550,0.469822,-0.295832,1.019071,0.469822,-0.295832,1.019070
0.8600,0.470304,-0.292617,1.017464,0.470304,-0.292617,1.017464
0.8650,0.470752,-0.289340,1.015876,0.470752,-0.289340,1.015876
0.8700,0.471167,-0.286003,1.014308,0.471167,-0.286003,1.014308
0.8750,0.471549,-0.282606,1.012759,0.471549,-0.282606,1.012759
0.8800,0.471900,-0.279152,1.011229,0.471900,-0.279152,1.011229
0.8850,0.472220,-0.275643,1.009719,0.472220,-0.275643,1.009719
0.8900,0.472509,-0.272080,1.008228,0.472509,-0.272080,1.008228
0.8950,0.472769,-0.268465,1.006757,0.472769,-0.268465,1.006757
0.9000,0.473000,-0.264800,1.005306,0.473000,-0.264800,1.005305
0.9050,0.473202,-0.261087,1.003874,0.473202,-0.261087,1.003874
0.9100,0.473377,-0.257326,1.002462,0.473377,-0.257326,1.002461
0.9150,0.473524,-0.253521,1.001069,0.473524,-0.253521,1.001069
0.9200,0.473646,-0.249672,0.999696,0.473646,-0.249672,0.999696
0.9250,0.473742,-0.245781,0.998343,0.473742,-0.245781,0.998343
0.9300,0.473813,-0.241849,0.997010,0.473813,-0.241849,0.997010
0.9350,0.473860,-0.237878,0.995696,0.473860,-0.237878,0.995696
0.9400,0.473883,-0.233870,0.994402,0.473883,-0.233870,0.994402
0.9450,0.473882,-0.229826,0.993127,0.473882,-0.229826,0.993127
0.9500,0.473860,-0.225747,0.991872,0.473860,-0.225747,0.991872
0.9550,0.473816,-0.221635,0.990636,0.473816,-0.221635,0.990636
0.9600,0.473750,-0.217490,0.989419,0.473750,-0.217490,0.989419
0.9650,0.473664,-0.213315,0.988222,0.473664,-0.213315,0.988222
0.9700,0.473557,-0.209111,0.987044,0.473557,-0.209111,0.987044
0.9750,0.473431,-0.204879,0.985884,0.473431,-0.204879,0.985884
0.9800,0.473286,-0.200620,0.984744,0.473286,-0.200620,0.984744
0.9850,0.473123,-0.196335,0.983622,0.473123,-0.196335,0.983622
0.9900,0.472941,-0.192026,0.982519,0.472941,-0.192026,0.982519
0.9950,0.472742,-0.187694,0.981435,0.472742,-0.187694,0.981434
1.0000,0.472527,-0.183339,0.980368,0.472527,-0.183339,0.980368
1.0050,0.472295,-0.178964,0.979320,0.472294,-0.178964,0.979320
1.0100,0.472047,-0.174568,0.978290,0.472046,-0.174568,0.978290
1.0150,0.471783,-0.170154,0.977278,0.471783,-0.170154,0.977278
1.0200,0.471505,-0.165722,0.976284,0.471505,-0.165722,0.976284
1.0250,0.471212,-0.161273,0.975307,0.471212,-0.161273,0.975307
1.0300,0.470905,-0.156808,0.974348,0.470905,-0.156808,0.974347
1.0350,0.470585,-0.152328,0.973406,0.470585,-0.152328,0.973405
1.0400,0.470252,-0.147834,0.972481,0.470252,-0.147834,0.972481
1.0450,0.469906,-0.143327,0.971573,0.469906,-0.143327,0.971573
1.0500,0.469548,-0.138808,0.970682,0.469548,-0.138808,0.970681
1.0550,0.469179,-0.134277,0.969807,0.469179,-0.134277,0.969807
1.0600,0.468798,-0.129736,0.968949,0.468798,-0.129736,0.968949
1.0650,0.468406,-0.125185,0.968107,0.468406,-0.125185,0.968107
1.0700,0.468004,-0.120625,0.967282,0.468004,-0.120625,0.967282
1.0750,0.467592,-0.116057,0.966472,0.467592,-0.116057,0.966472
1.0800,0.467171,-0.111481,0.965679,0.467171,-0.111481,0.965678
1.0850,0.466740,-0.106899,0.964901,0.466740,-0.106899,0.964900
1.0900,0.466300,-0.102310,0.964138,0.466300,-0.102310,0.964138
1.0950,0.465852,-0.097716,0.963391,0.465852,-0.097716,0.963391
1.1000,0.465396,-0.093117,0.962659,0.465396,-0.093117,0.962658
1.1050,0.464933,-0.088514,0.961941,0.464933,-0.088514,0.961941
1.1100,0.464462,-0.083908,0.961239,0.464462,-0.083908,0.961239
1.1150,0.463984,-0.079298,0.960552,0.463984,-0.079298,0.960551
1.1200,0.463500,-0.074686,0.959878,0.463500,-0.074686,0.959878
1.1250,0.463009,-0.070072,0.959220,0.463009,-0.070073,0.959220
1.1300,0.462513,-0.065457,0.958575,0.462513,-0.065457,0.958575
1.1350,0.462011,-0.060841,0.957945,0.462010,-0.060841,0.957945
1.1400,0.461503,-0.056225,0.957328,0.461503,-0.056225,0.957328
1.1450,0.460991,-0.051609,0.956726,0.460991,-0.051609,0.956725
1.1500,0.460474,-0.046993,0.956136,0.460474,-0.046993,0.956136
1.1550,0.459953,-0.042379,0.955561,0.459952,-0.042379,0.955561
1.1600,0.459427,-0.037766,0.954998,0.459427,-0.037766,0.954998
1.1650,0.458898,-0.033155,0.954449,0.458898,-0.033155,0.954449
1.1700,0.458365,-0.028546,0.953913,0.458365,-0.028546,0.953913
1.1750,0.457830,-0.023940,0.953390,0.457830,-0.023940,0.953390
1.1800,0.457291,-0.019337,0.952879,0.457291,-0.019337,0.952879
1.1850,0.456750,-0.014737,0.952382,0.456750,-0.014737,0.952382
1.1900,0.456206,-0.010141,0.951896,0.456206,-0.010141,0.951896
1.1950,0.455660,-0.005549,0.951424,0.455660,-0.005550,0.951423
1.2000,0.455112,-0.000962,0.950963,0.455112,-0.000962,0.950963
1.2050,0.454563,0.003620,0.950514,0.454562,0.003620,0.950514
1.2100,0.454012,0.008198,0.950078,0.454012,0.008198,0.950078
1.2150,0.453460,0.012770,0.949653,0.453459,0.012770,0.949653
1.2200,0.452907,0.017337,0.949240,0.452906,0.017337,0.949240
1.2250,0.452353,0.021898,0.948839,0.452353,0.021897,0.948839
1.2300,0.451799,0.026452,0.948450,0.451798,0.026452,0.948450
1.2350,0.451244,0.031001,0.948072,0.451244,0.031000,0.948071
1.2400,0.450689,0.035542,0.947705,0.450689,0.035542,0.947705
1.2450,0.450135,0.040077,0.947349,0.450135,0.040077,0.947349
1.2500,0.449581,0.044605,0.947005,0.449581,0.044605,0.947005
1.2550,0.449027,0.049126,0.946671,0.449027,0.049125,0.946671
1.2600,0.448474,0.053639,0.946349,0.448474,0.053639,0.946348
1.2650,0.447922,0.058145,0.946037,0.447922,0.058144,0.946037
1.2700,0.447371,0.062642,0.945736,0.447371,0.062642,0.945736
1.2750,0.446822,0.067132,0.945445,0.446822,0.067132,0.945445
1.2800,0.446274,0.071614,0.945166,0.446274,0.071614,0.945165
1.2850,0.445727,0.076088,0.944896,0.445727,0.076087,0.944896
1.2900,0.445183,0.080553,0.944637,0.445183,0.080552,0.944637
1.2950,0.444640,0.085009,0.944388,0.444640,0.085009,0.944388
1.3000,0.444099,0.089457,0.944150,0.444099,0.089457,0.944150
1.3050,0.443561,0.093896,0.943921,0.443561,0.093896,0.943921
1.3100,0.443025,0.098326,0.943703,0.443025,0.098326,0.943702
1.3150,0.442492,0.102747,0.943494,0.442492,0.102747,0.943494
1.3200,0.441961,0.107159,0.943295,0.441961,0.107158,0.943295
1.3250,0.441434,0.111561,0.943106,0.441434,0.111561,0.943106
1.3300,0.440909,0.115954,0.942927,0.440909,0.115954,0.942927
1.3350,0.440388,0.120338,0.942757,0.440388,0.120338,0.942757
1.3400,0.439870,0.124712,0.942597,0.439870,0.124712,0.942597
1.3450,0.439355,0.129076,0.942447,0.439355,0.129076,0.942446
1.3500,0.438844,0.133431,0.942305,0.438844,0.133431,0.942305
1.3550,0.438336,0.137776,0.942173,0.438336,0.137776,0.942173
1.3600,0.437833,0.142111,0.942051,0.437833,0.142111,0.942051
1.3650,0.437333,0.146436,0.941937,0.437333,0.146436,0.941937
1.3700,0.436837,0.150751,0.941833,0.436837,0.150751,0.941833
1.3750,0.436346,0.155056,0.941738,0.436346,0.155056,0.941737
1.3800,0.435858,0.159351,0.941651,0.435858,0.159351,0.941651
1.3850,0.435375,0.163636,0.941574,0.435375,0.163635,0.941574
1.3900,0.434897,0.167910,0.941505,0.434897,0.167910,0.941505
1.3950,0.434423,0.172175,0.941446,0.434423,0.172174,0.941446
1.4000,0.433954,0.176429,0.941395,0.433954,0.176428,0.941395
1.4050,0.433489,0.180672,0.941353,0.433489,0.180672,0.941352
1.4100,0.433030,0.184906,0.941319,0.433030,0.184905,0.941319
1.4150,0.432575,0.189129,0.941294,0.432575,0.189128,0.941294
1.4200,0.432126,0.193341,0.941277,0.432126,0.193341,0.941277
1.4250,0.431681,0.197543,0.941269,0.431681,0.197543,0.941269
1.4300,0.431242,0.201735,0.941270,0.431242,0.201734,0.941270
1.4350,0.430808,0.205916,0.941278,0.430808,0.205915,0.941278
1.4400,0.430380,0.210086,0.941295,0.430380,0.210086,0.941295
1.4450,0.429957,0.214246,0.941321,0.429957,0.214246,0.941321
1.4500,0.429540,0.218396,0.941354,0.429539,0.218395,0.941354
1.4550,0.429128,0.222535,0.941396,0.429128,0.222534,0.941396
1.4600,0.428722,0.226663,0.941445,0.428722,0.226663,0.941445
1.4650,0.428321,0.230781,0.941503,0.428321,0.230780,0.941503
1.4700,0.427927,0.234888,0.941569,0.427927,0.234887,0.941569
1.4750,0.427538,0.238985,0.941643,0.427538,0.238984,0.941642
1.4800,0.427156,0.243071,0.941724,0.427156,0.243070,0.941724
1.4850,0.426779,0.247146,0.941814,0.426779,0.247145,0.941813
1.4900,0.426409,0.251211,0.941911,0.426409,0.251210,0.941911
1.4950,0.426045,0.255265,0.942016,0.426045,0.255264,0.942016
1.5000,0.425687,0.259308,0.942129,0.425687,0.259308,0.942129
1.5050,0.425335,0.263341,0.942249,0.425335,0.263341,0.942249
1.5100,0.424990,0.267364,0.942377,0.424990,0.267363,0.942377
1.5150,0.424651,0.271375,0.942513,0.424651,0.271375,0.942513
1.5200,0.424318,0.275376,0.942656,0.424318,0.275376,0.942656
1.5250,0.423992,0.279367,0.942807,0.423992,0.279366,0.942806
1.5300,0.423673,0.283347,0.942965,0.423673,0.283346,0.942965
1.5350,0.423360,0.287316,0.943130,0.423360,0.287316,0.943130
1.5400,0.423054,0.291275,0.943303,0.423053,0.291275,0.943303
1.5450,0.422754,0.295224,0.943484,0.422754,0.295223,0.943483
1.5500,0.422461,0.299161,0.943671,0.422461,0.299161,0.943671
1.5550,0.422175,0.303089,0.943866,0.422175,0.303088,0.943866
1.5600,0.421896,0.307005,0.944068,0.421896,0.307005,0.944068
1.5650,0.421624,0.310912,0.944277,0.421624,0.310911,0.944277
1.5700,0.421358,0.314807,0.944494,0.421358,0.314807,0.944494
1.5750,0.421100,0.318693,0.944717,0.421100,0.318692,0.944717
1.5800,0.420848,0.322567,0.944948,0.420848,0.322567,0.944948
1.5850,0.420604,0.326432,0.945185,0.420603,0.326431,0.945185
1.5900,0.420366,0.330286,0.945430,0.420366,0.330285,0.945430
1.5950,0.420136,0.334129,0.945681,0.420136,0.334128,0.945681
1.6000,0.419912,0.337962,0.945940,0.419912,0.337961,0.945940
1.6050,0.419696,0.341785,0.946205,0.419696,0.341784,0.946205
1.6100,0.419487,0.345597,0.946477,0.419487,0.345597,0.946477
1.6150,0.419285,0.349399,0.946756,0.419285,0.349398,0.946756
1.6200,0.419091,0.353191,0.947042,0.419090,0.353190,0.947042
1.6250,0.418903,0.356972,0.947335,0.418903,0.356971,0.947334
1.6300,0.418723,0.360743,0.947634,0.418723,0.360742,0.947634
1.6350,0.418550,0.364504,0.947940,0.418550,0.364503,0.947940
1.6400,0.418385,0.368254,0.948252,0.418385,0.368254,0.948252
1.6450,0.418227,0.371995,0.948571,0.418226,0.371994,0.948571
1.6500,0.418076,0.375725,0.948897,0.418076,0.375724,0.948897
1.6550,0.417932,0.379444,0.949229,0.417932,0.379444,0.949229
1.6600,0.417796,0.383154,0.949568,0.417796,0.383153,0.949568
1.6650,0.417668,0.386853,0.949913,0.417667,0.386852,0.949913
1.6700,0.417546,0.390543,0.950265,0.417546,0.390542,0.950265
1.6750,0.417432,0.394222,0.950623,0.417432,0.394221,0.950623
1.6800,0.417326,0.397891,0.950987,0.417326,0.397890,0.950987
1.6850,0.417227,0.401549,0.951358,0.417227,0.401548,0.951358
1.6900,0.417136,0.405198,0.951735,0.417136,0.405197,0.951735
1.6950,0.417052,0.408837,0.952118,0.417052,0.408836,0.952118
1.7000,0.416976,0.412465,0.952508,0.416975,0.412464,0.952508
1.7050,0.416907,0.416084,0.952904,0.416906,0.416083,0.952904
1.7100,0.416845,0.419692,0.953306,0.416845,0.419691,0.953306
1.7150,0.416791,0.423291,0.953714,0.416791,0.423290,0.953714
1.7200,0.416745,0.426880,0.954128,0.416745,0.426879,0.954128
1.7250,0.416706,0.430458,0.954549,0.416706,0.430457,0.954549
1.7300,0.416675,0.434027,0.954975,0.416675,0.434026,0.954975
1.7350,0.416652,0.437585,0.955408,0.416651,0.437584,0.955408
1.7400,0.416636,0.441134,0.955846,0.416635,0.441133,0.955846
1.7450,0.416627,0.444673,0.956291,0.416627,0.444672,0.956291
1.7500,0.416626,0.448202,0.956741,0.416626,0.448201,0.956741
1.7550,0.416633,0.451721,0.957198,0.416633,0.451720,0.957197
1.7600,0.416647,0.455230,0.957660,0.416647,0.455229,0.957660
1.7650,0.416669,0.458730,0.958128,0.416669,0.458729,0.958128
1.7700,0.416699,0.462219,0.958602,0.416698,0.462218,0.958602
1.7750,0.416736,0.465699,0.959082,0.416735,0.465698,0.959081
1.7800,0.416780,0.469169,0.959567,0.416780,0.469168,0.959567
1.7850,0.416832,0.472630,0.960058,0.416832,0.472628,0.960058
1.7900,0.416892,0.476080,0.960555,0.416892,0.476079,0.960555
1.7950,0.416960,0.479521,0.961058,0.416959,0.479520,0.961058
1.8000,0.417035,0.482952,0.961566,0.417034,0.482951,0.961566
1.8050,0.417117,0.486373,0.962080,0.417117,0.486372,0.962080
1.8100,0.417207,0.489785,0.962600,0.417207,0.489784,0.962600
1.8150,0.417305,0.493187,0.963125,0.417305,0.493186,0.963125
1.8200,0.417410,0.496579,0.963656,0.417410,0.496578,0.963656
1.8250,0.417523,0.499962,0.964192,0.417522,0.499961,0.964192
1.8300,0.417643,0.503335,0.964734,0.417643,0.503334,0.964734
1.8350,0.417771,0.506698,0.965281,0.417771,0.506697,0.965281
1.8400,0.417906,0.510052,0.965833,0.417906,0.510051,0.965833
1.8450,0.418049,0.513396,0.966392,0.418049,0.513395,0.966391
1.8500,0.418200,0.516731,0.966955,0.418199,0.516729,0.966955
1.8550,0.418358,0.520056,0.967524,0.418357,0.520054,0.967524
1.8600,0.418523,0.523371,0.968098,0.418523,0.523370,0.968098
1.8650,0.418696,0.526677,0.968677,0.418696,0.526676,0.968677
1.8700,0.418876,0.529974,0.969262,0.418876,0.529972,0.969262
1.8750,0.419064,0.533260,0.969852,0.419064,0.533259,0.969852
1.8800,0.419259,0.536538,0.970448,0.419259,0.536537,0.970447
1.8850,0.419462,0.539806,0.971048,0.419462,0.539804,0.971048
1.8900,0.419672,0.543064,0.971654,0.419672,0.543063,0.971654
1.8950,0.419890,0.546313,0.972264,0.419889,0.546312,0.972264
1.9000,0.420115,0.549553,0.972880,0.420114,0.549551,0.972880
1.9050,0.420347,0.552783,0.973502,0.420347,0.552781,0.973501
1.9100,0.420587,0.556003,0.974128,0.420586,0.556002,0.974128
1.9150,0.420834,0.559215,0.974759,0.420833,0.559213,0.974759
1.9200,0.421088,0.562416,0.975395,0.421088,0.562415,0.975395
1.9250,0.421350,0.565609,0.976036,0.421350,0.565607,0.976036
1.9300,0.421619,0.568792,0.976683,0.421619,0.568790,0.976683
1.9350,0.421895,0.571966,0.977334,0.421895,0.571964,0.977334
1.9400,0.422179,0.575130,0.977990,0.422178,0.575128,0.977990
1.9450,0.422470,0.578285,0.978651,0.422469,0.578283,0.978651
1.9500,0.422768,0.581430,0.979317,0.422767,0.581429,0.979317
1.9550,0.423073,0.584567,0.979988,0.423072,0.584565,0.979988
1.9600,0.423385,0.587694,0.980663,0.423385,0.587692,0.980663
1.9650,0.423705,0.590811,0.981344,0.423705,0.590810,0.981344
1.9700,0.424032,0.593919,0.982029,0.424031,0.593918,0.982029
1.9750,0.424366,0.597018,0.982719,0.424365,0.597017,0.982719
1.9800,0.424707,0.600108,0.983414,0.424706,0.600107,0.983414
1.9850,0.425055,0.603189,0.984113,0.425054,0.603187,0.984113
1.9900,0.425410,0.606260,0.984817,0.425409,0.606258,0.984817
1.9950,0.425772,0.609322,0.985526,0.425772,0.609320,0.985526
2.0000,0.426141,0.612374,0.986240,0.426141,0.612373,0.986240
